characterId,movieIds,affiliationIds
1,['19'],
2,,
3,,['7']
4,,['74']
5,['33'],
6,['9'],
7,,
8,,
9,,
10,,
11,,['386']
12,,
13,"['16', '27']",
14,,
15,,['291']
16,,"['79', '484']"
17,['15'],
18,,
19,,
20,"['2', '25']",
21,"['2', '5', '6', '11', '16', '27']",['396']
22,,['396']
23,,"['13', '172']"
24,['1'],
25,,['172']
26,['21'],
27,,
28,,
29,,['71']
30,,['500']
31,['3'],
32,"['15', '32']",
33,,['445']
34,,['342']
35,,
36,"['1', '3', '5', '6', '9']","['368', '398', '481']"
37,['5'],
38,,['368']
39,,['297']
40,['14'],
41,,
42,,['492']
43,,['210']
44,,
45,,
46,"['14', '22']",['254']
47,,['254']
48,,['361']
49,['5'],['347']
50,,"['172', '347']"
51,,['347']
52,,
53,,
54,,['44']
55,,['15']
56,['1'],
57,,['172']
58,,
59,,
60,,
61,,['74']
62,,
63,,['162']
64,,
65,['26'],
66,,
67,,
68,,"['172', '347']"
69,['22'],['510']
70,['16'],
71,,
72,,['343']
73,,
74,,
75,"['7', '25']",['7']
76,,['172']
77,['15'],"['19', '327']"
78,,['396']
79,,
80,,
81,,
82,,['395']
83,,
84,,
85,,
86,,['489']
87,,['92']
88,['9'],"['172', '347', '453', '499']"
89,,['347']
90,,['172']
91,['22'],"['172', '347']"
92,,
93,['1'],
94,,"['162', '267', '306']"
95,,
96,['24'],
97,,
98,,['162']
99,,
100,,
101,,
102,,['313']
103,,
104,,
105,,
106,,
107,,['180']
108,,['347']
109,,
110,,['172']
111,,
112,,
113,"['1', '3']",
114,,
115,,
116,,
117,,
118,,['396']
119,,['101']
120,,
121,,
122,,['477']
123,,
124,,"['347', '347']"
125,,
126,,['347']
127,,
128,,['347']
129,,
130,,['125']
131,['2'],
132,,
133,,
134,,['438']
135,,
136,['28'],
137,,
138,['6'],
139,,
140,['2'],
141,['27'],
142,,['288']
143,,
144,,
145,['7'],
146,['28'],['254']
147,,
148,['1'],['126']
149,,
150,,['120']
151,,['395']
152,,
153,,
154,,
155,,
156,,
157,,
158,['20'],
159,,
160,,['429']
161,,
162,,"['345', '463']"
163,['14'],['254']
164,,['254']
165,['22'],
166,,['453']
167,,['347']
168,,
169,,['451']
170,['9'],['347']
171,,['406']
172,,
173,,['88']
174,,
175,"['16', '27']",
176,,
177,,
178,,['162']
179,,
180,,['347']
181,,['242']
182,,
183,,['125']
184,,"['203', '344']"
185,['30'],
186,,
187,,
188,,
189,,
190,,
191,,
192,['20'],
193,,
194,,
195,,
196,['16'],['452']
197,,['347']
198,['4'],
199,,
200,,['304']
201,,['435']
202,"['12', '13', '16', '19', '20', '22', '23', '24', '28', '29', '31']","['467', '508']"
203,,
204,,
205,['12'],
206,['20'],
207,,['71']
208,,
209,,['347']
210,,"['172', '347']"
211,,
212,,
213,,
214,['3'],['385']
215,,['237']
216,,
217,"['22', '29']",
218,,
219,,
220,['17'],
221,['28'],['254']
222,,['125']
223,['26'],
224,['15'],
225,,
226,,
227,,['393']
228,,
229,,
230,,['482']
231,"['5', '9', '22']","['172', '347', '368', '398']"
232,,"['172', '347']"
233,['22'],"['172', '347']"
234,,"['172', '368']"
235,['29'],['85']
236,,['101']
237,,
238,,
239,,
240,,['100']
241,,
242,,['316']
243,,
244,,['342']
245,,"['345', '463']"
246,,
247,['26'],
248,['21'],
249,['21'],
250,['13'],
251,,
252,,
253,,
254,,
255,['6'],
256,,
257,['22'],
258,,['342']
259,,['71']
260,,['32']
261,,
262,,
263,,
264,,
265,,['242']
266,['29'],
267,"['15', '32']",
268,,
269,,['142']
270,"['13', '18', '19', '30']",
271,,
272,,
273,['18'],['147']
274,,['254']
275,['5'],['422']
276,,['13']
277,,
278,['18'],
279,['4'],
280,,['500']
281,,
282,,
283,,"['162', '306']"
284,,
285,"['3', '7']",['385']
286,,['172']
287,['29'],['85']
288,"['3', '9', '23']",
289,,
290,,
291,,['347']
292,['3'],['385']
293,['28'],['254']
294,"['9', '11', '22']","['172', '347']"
295,"['13', '18']",['378']
296,,['172']
297,,['452']
298,['16'],
299,,
300,,
301,,
302,['18'],['147']
303,,
304,"['13', '18', '26', '29']",['85']
305,,
306,,['142']
307,,['396']
308,,['347']
309,,
310,,
311,,['162']
312,['3'],['451']
313,['17'],
314,,['430']
315,,
316,,
317,,
318,,
319,,
320,,
321,"['13', '16', '23']",
322,,
323,,['288']
324,,
325,,"['105', '395']"
326,,"['52', '125']"
327,,['347']
328,,
329,,
330,,
331,['10'],
332,,['396']
333,,
334,,['347']
335,,
336,,
337,,['347']
338,,
339,,['124']
340,,
341,['19'],
342,,
343,,
344,,
345,,
346,,
347,,['101']
348,,
349,['17'],
350,['6'],
351,,
352,,
353,,
354,,
355,,['291']
356,"['16', '23', '27']",['414']
357,,
358,['2'],
359,,
360,['2'],
361,['17'],
362,,
363,,
364,,
365,['17'],
366,,
367,,
368,,
369,,
370,,['347']
371,"['11', '21', '24']",
372,,
373,['20'],['347']
374,['7'],
375,,
376,,
377,['3'],
378,['1'],['410']
379,['14'],
380,,
381,,['325']
382,,"['101', '264']"
383,,
384,,['488']
385,,
386,,['342']
387,,
388,,['347']
389,,['347']
390,['28'],
391,['28'],
392,,
393,,
394,,
395,,
396,['28'],
397,,['430']
398,,['395']
399,"['13', '16', '18', '19', '22', '23', '24', '30']","['147', '437']"
400,,['147']
401,,
402,['26'],
403,,
404,"['3', '6', '9', '11', '13', '16', '17', '19', '21', '22', '23', '24', '29']","['159', '203', '347', '385']"
405,,
406,,"['203', '347']"
407,,['347']
408,['22'],"['347', '385']"
409,,['347']
410,,['347']
411,,
412,,['396']
413,"['26', '35']",
414,,
415,,
416,,"['172', '347']"
417,['14'],['254']
418,,
419,,['242']
420,,
421,,
422,,
423,,
424,,
425,,"['101', '264']"
426,,
427,,"['172', '347']"
428,['22'],['53']
429,,
430,,
431,,
432,,
433,,
434,,
435,,
436,,['71']
437,['14'],
438,['23'],
439,['5'],
440,"['4', '8', '22']",
441,['24'],
442,,
443,,['454']
444,,['291']
445,,
446,['6'],['451']
447,,
448,,['385']
449,"['23', '27']",
450,['22'],['347']
451,,['286']
452,,
453,['15'],"['327', '514']"
454,,
455,,['347']
456,['5'],['451']
457,,['451']
458,,
459,,
460,,
461,['21'],
462,,['272']
463,,['291']
464,,['162']
465,,
466,['17'],
467,,
468,,['71']
469,,['172']
470,,
471,,
472,,
473,,
474,,['172']
475,,['162']
476,,
477,,['71']
478,,['477']
479,,"['286', '291']"
480,,
481,['23'],['291']
482,,
483,['20'],
484,,['347']
485,['22'],"['172', '347']"
486,,['347']
487,,['347']
488,['10'],
489,['21'],
490,,
491,,
492,,['71']
493,,
494,,
495,,
496,,
497,,
498,,['275']
499,,
500,,
501,['14'],
502,['14'],['254']
503,,
504,,
505,,
506,,
507,,
508,,['467']
509,,
510,,['307']
511,"['3', '5']",
512,['22'],['172']
513,,"['2', '396']"
514,,
515,,
516,,['286']
517,,['395']
518,,
519,,['125']
520,['4'],
521,['20'],['125']
522,,
523,,['347']
524,,['347']
525,['3'],['451']
526,,"['399', '512']"
527,,['396']
528,,['395']
529,['9'],['453']
530,,['424']
531,,
532,,['424']
533,,
534,,
535,,
536,,
537,['14'],
538,,['254']
539,,['291']
540,['21'],
541,,
542,['4'],['347']
543,,
544,,
545,,['291']
546,,['347']
547,,['71']
548,,"['86', '189']"
549,,
550,,
551,"['9', '11', '19']",['347']
552,,
553,,['310']
554,,
555,,
556,,
557,,['92']
558,,
559,,['172']
560,,
561,,
562,,['242']
563,"['9', '11', '12', '13', '19', '22', '23', '24']","['17', '102']"
564,,
565,"['3', '5', '6']",
566,,['347']
567,,
568,['22'],
569,,
570,['22'],
571,,
572,['28'],
573,,"['48', '347', '396']"
574,"['21', '22', '23', '25', '33']",
575,,
576,,
577,['28'],
578,,
579,,
580,,
581,,['44']
582,"['8', '10']",['430']
583,,['430']
584,,
585,,['71']
586,,
587,,['291']
588,,['291']
589,['13'],
590,,['288']
591,,
592,,
593,['3'],['451']
594,['17'],
595,,
596,,['92']
597,,
598,['12'],
599,,
600,,['172']
601,,
602,,
603,,
604,,['454']
605,,['265']
606,,
607,,['347']
608,,['429']
609,,
610,,
611,,
612,,
613,"['12', '20', '22', '31']",
614,,
615,,
616,['12'],
617,,['92']
618,['20'],
619,,['313']
620,,
621,,['291']
622,,['347']
623,,
624,['29'],['85']
625,,['172']
626,,['172']
627,,['119']
628,,
629,,['307']
630,,
631,,
632,['7'],
633,,
634,,['347']
635,,
636,,
637,,
638,,
639,,
640,,
641,['9'],['499']
642,,['164']
643,,
644,,
645,,['9']
646,,
647,"['16', '19', '27']",
648,,['35']
649,,
650,,['342']
651,['28'],
652,['13'],
653,"['15', '32']","['65', '327']"
654,,['101']
655,,
656,,['313']
657,,
658,,
659,,
660,,
661,,['69']
662,,['146']
663,['22'],
664,['3'],['486']
665,"['5', '9']","['2', '347', '396']"
666,,"['2', '396']"
667,,
668,,
669,,['306']
670,,['488']
671,,
672,,
673,['16'],
674,,
675,,['291']
676,,
677,,
678,,['291']
679,['9'],
680,,['451']
681,['3'],
682,,
683,[],
684,,
685,,
686,"['1', '3']","['462', '486']"
687,,['77']
688,,['462']
689,"['14', '28']",
690,,
691,['28'],
692,['28'],['36']
693,['28'],
694,,
695,,['293']
696,,
697,"['2', '3']",['423']
698,['28'],
699,,
700,,
701,,
702,['5'],
703,,
704,,
705,,['162']
706,,
707,,
708,"['16', '19', '27']",
709,,['206']
710,,
711,,['347']
712,['23'],['291']
713,,
714,,
715,,
716,,
717,['28'],
718,['3'],['451']
719,,['125']
720,,['249']
721,,
722,,
723,,
724,,
725,,
726,,['286']
727,,
728,,['291']
729,"['16', '27']",
730,,
731,,
732,,
733,,
734,,
735,"['8', '10', '19']",['430']
736,,['430']
737,,
738,,['162']
739,,"['334', '395']"
740,,
741,['24'],
742,,
743,['5'],
744,,
745,,['347']
746,,['7']
747,,['342']
748,['21'],
749,,['242']
750,,['347']
751,,['291']
752,"['11', '13', '22']",
753,,
754,,
755,,
756,,['291']
757,,['396']
758,,
759,,
760,,
761,,['366']
762,"['10', '19']",
763,['22'],
764,,['430']
765,"['10', '15']",
766,,['327']
767,['11'],
768,,['395']
769,['1'],
770,,
771,,
772,,['347']
773,,
774,['16'],
775,,['7']
776,,['80']
777,"['9', '13']","['172', '347']"
778,['23'],
779,,
780,"['10', '19']",
781,['22'],
782,,
783,,['210']
784,['2'],
785,,['293']
786,,
787,,
788,,['310']
789,,
790,,
791,['14'],
792,,['465']
793,,
794,,
795,,
796,,['27']
797,,['125']
798,,
799,,
800,,
801,,
802,,
803,,
804,,
805,,
806,['12'],
807,,
808,,['289']
809,,"['71', '313', '402']"
810,,['477']
811,,
812,,['347']
813,,
814,,['342']
815,,['347']
816,,
817,,
818,['26'],
819,['14'],['254']
820,,
821,,['162']
822,['20'],
823,,"['347', '396']"
824,,"['347', '347']"
825,['22'],"['172', '368']"
826,,['172']
827,,['172']
828,,['286']
829,,['27']
830,,
831,,
832,['12'],
833,"['4', '8', '22', '29']",
834,,
835,['27'],"['234', '281']"
836,,['88']
837,,
838,['17'],
839,,
840,,
841,,['395']
842,,
843,,['162']
844,,
845,,
846,"['12', '20']",['508']
847,['18'],
848,,
849,['14'],
850,['7'],
851,,['458']
852,,
853,,
854,,['71']
855,['15'],
856,,
857,,['180']
858,,
859,['1'],
860,,
861,,
862,['7'],['7']
863,,['451']
864,,
865,,
866,,['347']
867,,['306']
868,,
869,,['291']
870,,
871,"['6', '10', '22', '29']",
872,['25'],
873,,"['172', '347']"
874,,['172']
875,,
876,['16'],
877,,
878,,
879,,
880,,['42']
881,,['129']
882,,['291']
883,,"['347', '347', '438']"
884,,
885,['4'],['347']
886,,
887,,
888,,
889,"['16', '23', '27']",
890,,
891,,['312']
892,,['293']
893,['20'],
894,,
895,,['364']
896,,['395']
897,,
898,,['71']
899,,
900,,
901,,
902,,
903,,
904,,
905,,['347']
906,,['92']
907,,['129']
908,,
909,['26'],
910,,
911,['23'],
912,,"['72', '454']"
913,,
914,,
915,,
916,,['395']
917,['29'],['85']
918,,
919,,
920,,
921,,['434']
922,,"['345', '463']"
923,,['235']
924,,
925,,['172']
926,['27'],
927,"['9', '14', '17', '19', '22', '23', '26', '27', '28']",['254']
928,,['254']
929,['28'],['254']
930,['28'],['254']
931,['28'],['254']
932,,['254']
933,,['254']
934,['13'],
935,,
936,,['78']
937,,
938,['21'],
939,,
940,,
941,,['206']
942,['4'],
943,,
944,,['325']
945,,
946,,
947,,
948,,
949,,
950,"['14', '28']",
951,['28'],
952,,['395']
953,,"['146', '291']"
954,,
955,,
956,,
957,,
958,['16'],
959,,
960,['14'],
961,,
962,,
963,,
964,,['291']
965,,['237']
966,['17'],
967,['23'],['385']
968,['16'],
969,['9'],['499']
970,,
971,,
972,,
973,,['129']
974,,['125']
975,"['10', '15', '19', '22', '29', '32']",
976,,
977,,
978,,
979,,
980,,
981,['7'],['7']
982,"['6', '24']","['237', '381']"
983,['26'],
984,,
985,,
986,,['286']
987,,
988,"['5', '6', '9', '16']",
989,,
990,,['347']
991,,
992,,
993,,
994,,
995,,
996,,['185']
997,['29'],
998,,
999,['25'],
1000,"['6', '9']",
1001,,
1002,,
1003,,
1004,,['365']
1005,,['13']
1006,,['167']
1007,,['424']
1008,"['23', '27']",
1009,['7'],
1010,,['492']
1011,,
1012,"['10', '19']",
1013,['22'],
1014,,['430']
1015,,
1016,,['434']
1017,,
1018,,
1019,,
1020,,
1021,,
1022,,
1023,['27'],
1024,,['291']
1025,,
1026,,
1027,,['172']
1028,['22'],
1029,,
1030,,
1031,,
1032,,
1033,,
1034,,['382']
1035,,
1036,,
1037,,['385']
1038,['22'],
1039,"['10', '15', '19']",
1040,,
1041,,
1042,,
1043,,
1044,,
1045,['8'],['115']
1046,['8'],['115']
1047,['8'],
1048,"['19', '29']",
1049,,
1050,,
1051,,['88']
1052,,['42']
1053,['27'],
1054,,"['66', '162']"
1055,,
1056,,
1057,['28'],
1058,,
1059,,"['69', '271']"
1060,,
1061,,
1062,,
1063,['20'],['347']
1064,,
1065,,
1066,,
1067,,['406']
1068,,['347']
1069,,
1070,['3'],['451']
1071,,
1072,,
1073,,
1074,['7'],['7']
1075,,['33']
1076,,"['171', '451', '477']"
1077,,
1078,,
1079,,
1080,,
1081,['2'],
1082,,"['38', '347']"
1083,,
1084,,
1085,,
1086,"['8', '29']",
1087,['3'],
1088,,
1089,['6'],
1090,,
1091,['12'],
1092,,
1093,,
1094,,['71']
1095,,
1096,,['206']
1097,,
1098,,"['172', '266']"
1099,['26'],
1100,,['347']
1101,,['347']
1102,,['434']
1103,"['10', '22']",
1104,,
1105,,['162']
1106,,
1107,,
1108,,
1109,,['216']
1110,,['347']
1111,['7'],['7']
1112,,
1113,['18'],"['147', '437']"
1114,['18'],
1115,,['385']
1116,"['4', '6', '8', '11', '22', '23', '29']",['347']
1117,,
1118,"['15', '22']",
1119,['7'],
1120,,
1121,['7'],
1122,,['291']
1123,,
1124,,
1125,,
1126,,['172']
1127,['12'],
1128,,['78']
1129,,
1130,,['398']
1131,,['481']
1132,,
1133,,['72']
1134,['10'],
1135,,
1136,,
1137,,['80']
1138,,
1139,,
1140,,['44']
1141,,['291']
1142,"['10', '22', '29']",
1143,,
1144,,
1145,['14'],
1146,,
1147,,
1148,,
1149,,
1150,,
1151,,
1152,,['96']
1153,,['361']
1154,,
1155,,
1156,[],['291']
1157,,
1158,"['13', '18', '30']","['72', '194']"
1159,,
1160,,['150']
1161,,
1162,,
1163,,
1164,['17'],
1165,['25'],['7']
1166,,
1167,,['7']
1168,"['11', '13', '16', '19', '22']",
1169,,
1170,,['291']
1171,,
1172,,
1173,,
1174,,
1175,,
1176,['29'],
1177,"['4', '8', '17', '29']",
1178,['17'],
1179,,
1180,,
1181,['24'],
1182,,
1183,,['74']
1184,,
1185,,['168']
1186,,['125']
1187,,
1188,,
1189,,"['347', '477']"
1190,,"['171', '172']"
1191,,['331']
1192,['17'],
1193,['9'],
1194,,
1195,['9'],['347']
1196,,['210']
1197,,['44']
1198,,
1199,,
1200,['18'],
1201,['17'],
1202,,['172']
1203,,['291']
1204,,['347']
1205,,['396']
1206,['10'],
1207,['15'],
1208,,['129']
1209,"['16', '23', '27']",
1210,,['438']
1211,,
1212,,
1213,['27'],
1214,,['347']
1215,,['32']
1216,,
1217,,
1218,,['242']
1219,,
1220,,['347']
1221,,"['234', '281']"
1222,,
1223,,
1224,,['347']
1225,,['347']
1226,,['396']
1227,,['180']
1228,,['125']
1229,,
1230,"['16', '27']",['452']
1231,,['347']
1232,,
1233,,['71']
1234,,
1235,,
1236,,
1237,,
1238,,
1239,,['455']
1240,,
1241,,
1242,['12'],['318']
1243,,
1244,,['146']
1245,,"['71', '313']"
1246,,['393']
1247,,
1248,,['325']
1249,,['500']
1250,,
1251,,['358']
1252,"['1', '5', '9', '13']",['396']
1253,,
1254,,['396']
1255,,['347']
1256,,
1257,,
1258,['27'],
1259,,
1260,,
1261,,['271']
1262,,['395']
1263,,['125']
1264,['27'],
1265,"['4', '8', '17', '19', '22', '29']",
1266,['22'],
1267,,
1268,,
1269,,
1270,,
1271,,"['237', '381']"
1272,,
1273,,
1274,,['13']
1275,,
1276,,
1277,"['5', '9', '16']",
1278,,
1279,,
1280,,['291']
1281,,
1282,,
1283,,
1284,,
1285,['12'],
1286,,
1287,,['44']
1288,,
1289,,
1290,['6'],['347']
1291,"['12', '31']",['364']
1292,[],['125']
1293,,
1294,"['10', '15', '19', '22', '29']",
1295,"['10', '19']",
1296,,
1297,"['22', '32']",
1298,,
1299,['14'],
1300,['25'],
1301,,['125']
1302,['9'],
1303,,
1304,['28'],
1305,['4'],['347']
1306,['14'],
1307,['10'],['298']
1308,,
1309,['7'],['504']
1310,,
1311,,
1312,,
1313,,
1314,,
1315,,
1316,,
1317,,
1318,,
1319,,
1320,['15'],"['327', '514']"
1321,,['313']
1322,,
1323,,['451']
1324,,
1325,,['347']
1326,,
1327,['12'],['467']
1328,,
1329,,"['88', '138', '313', '489', '492']"
1330,,['210']
1331,,
1332,,['59']
1333,,
1334,['9'],
1335,['1'],
1336,"['9', '11']",
1337,['7'],
1338,,
1339,,
1340,['9'],"['99', '133', '233']"
1341,,
1342,['6'],"['344', '381']"
1343,['22'],
1344,['23'],
1345,['9'],
1346,,
1347,,['347']
1348,,
1349,['6'],
1350,,
1351,,
1352,,
1353,['20'],['347']
1354,,
1355,['1'],
1356,['12'],
1357,,['347']
1358,['3'],['451']
1359,,['342']
1360,['6'],"['13', '151', '172', '436', '499']"
1361,,['172']
1362,,"['172', '347']"
1363,,['399']
1364,,['129']
1365,,
1366,,['162']
1367,,['9']
1368,['26'],
1369,,['20']
1370,['5'],['2']
1371,,
1372,,
1373,['1'],
1374,['7'],
1375,,
1376,,"['13', '80', '172']"
1377,,
1378,,
1379,['21'],
1380,,['347']
1381,['3'],['451']
1382,"['9', '21']",
1383,,
1384,,
1385,,
1386,,
1387,,
1388,,
1389,,['32']
1390,,['291']
1391,['29'],
1392,,
1393,,"['142', '451', '453']"
1394,,['26']
1395,['29'],
1396,,
1397,,['347']
1398,,
1399,,
1400,,
1401,,
1402,,
1403,,
1404,"['15', '17', '19', '29']",
1405,,
1406,,
1407,,"['172', '347']"
1408,,
1409,,
1410,,
1411,,"['172', '347']"
1412,,
1413,['25'],
1414,,
1415,['27'],
1416,,
1417,,
1418,,
1419,,
1420,,
1421,,
1422,,
1423,,['254']
1424,,
1425,,
1426,,['516']
1427,,['162']
1428,,
1429,,"['128', '290']"
1430,['18'],
1431,"['10', '15', '19', '22', '29', '32']",
1432,,['210']
1433,['4'],
1434,['25'],['403']
1435,,
1436,,
1437,,
1438,,
1439,,
1440,,
1441,['23'],['385']
1442,,
1443,['29'],
1444,,
1445,,
1446,,['511']
1447,['4'],
1448,,
1449,['17'],
1450,,
1451,,
1452,,"['80', '172']"
1453,['15'],"['327', '514']"
1454,,
1455,,
1456,"['14', '28']",['254']
1457,,
1458,,['249']
1459,,['341']
1460,"['4', '12', '13', '20', '22', '27', '31']","['318', '347']"
1461,['22'],['347']
1462,,['347']
1463,,['347']
1464,,
1465,,
1466,,['393']
1467,,['286']
1468,,['242']
1469,,
1470,['18'],
1471,"['1', '3', '7', '16', '19', '22', '23', '27']","['362', '385']"
1472,,['385']
1473,,
1474,,
1475,,
1476,['26'],
1477,,['347']
1478,"['7', '22']",
1479,,"['162', '325']"
1480,,"['79', '484']"
1481,,
1482,['3'],
1483,,['396']
1484,,['347']
1485,,['286']
1486,['6'],
1487,,
1488,,['50']
1489,,['347']
1490,,['347']
1491,,
1492,,
1493,,
1494,,['120']
1495,,"['172', '347']"
1496,,
1497,,['288']
1498,"['4', '6', '9', '11', '13', '16', '19', '22', '23', '24', '28']","['290', '347']"
1499,,
1500,,['347']
1501,,['347']
1502,['22'],['347']
1503,,['347']
1504,,['347']
1505,,
1506,,['429']
1507,['7'],
1508,,
1509,,
1510,,
1511,,
1512,,
1513,"['4', '8', '11', '17', '19', '29']",
1514,,
1515,,['368']
1516,['6'],['369']
1517,,['172']
1518,['5'],['172']
1519,,['172']
1520,,['222']
1521,"['17', '19', '29']",['39']
1522,['29'],
1523,,
1524,,
1525,"['24', '25']",
1526,"['11', '22']",['442']
1527,,
1528,,['477']
1529,['13'],
1530,['13'],
1531,,['347']
1532,,['288']
1533,,['396']
1534,['5'],
1535,,
1536,['29'],
1537,,
1538,,
1539,,['291']
1540,,['291']
1541,,
1542,,
1543,,
1544,,
1545,,
1546,,
1547,['8'],
1548,,['347']
1549,,
1550,,
1551,,['242']
1552,,
1553,,
1554,,"['28', '162', '342']"
1555,,['172']
1556,,['172']
1557,,
1558,,['146']
1559,"['1', '7']",
1560,,
1561,['2'],
1562,['28'],
1563,"['4', '8', '17', '29']",
1564,['17'],
1565,,
1566,,
1567,,
1568,,"['157', '347', '435']"
1569,,
1570,,
1571,,
1572,,
1573,,
1574,,
1575,,
1576,['28'],['254']
1577,,
1578,,
1579,,
1580,,['347']
1581,,
1582,['8'],['251']
1583,,['120']
1584,['10'],"['327', '514']"
1585,,['138']
1586,"['1', '3', '5', '6', '9', '11', '12', '13', '16', '22', '27']","['347', '385', '396']"
1587,['22'],['347']
1588,,['347']
1589,,['385']
1590,,['396']
1591,"['10', '15', '22']",
1592,,
1593,,
1594,"['4', '8']",
1595,,
1596,['1'],
1597,,"['86', '342']"
1598,,
1599,"['4', '5', '6', '8', '29']",
1600,,['271']
1601,,
1602,['15'],"['327', '514']"
1603,['25'],
1604,"['2', '4', '6', '7', '9', '11', '13', '16', '17', '19', '21', '22', '25', '27', '29']",
1605,,
1606,,
1607,,
1608,['22'],
1609,,
1610,,
1611,,['429']
1612,,['429']
1613,,['429']
1614,,['429']
1615,,['229']
1616,,['429']
1617,,
1618,,['429']
1619,,
1620,,['358']
1621,['5'],['368']
1622,['12'],['172']
1623,,"['172', '368']"
1624,['5'],"['172', '368']"
1625,,"['172', '368']"
1626,,
1627,,['172']
1628,,['396']
1629,,['496']
1630,"['8', '22']",
1631,,"['92', '172', '323']"
1632,['26'],
1633,['14'],
1634,,
1635,,['347']
1636,['12'],
1637,,
1638,['26'],
1639,,['291']
1640,,
1641,,['180']
1642,,
1643,"['10', '22', '29']",
1644,,
1645,['24'],
1646,,
1647,,
1648,['28'],
1649,['10'],['298']
1650,,['291']
1651,,
1652,['3'],
1653,,['172']
1654,,"['306', '325', '343']"
1655,,['306']
1656,['25'],['187']
1657,"['1', '2', '3', '4', '6', '7', '9', '11', '12', '13', '15', '16', '17', '19', '22', '23', '24', '25', '26', '27', '29']","['347', '385', '452']"
1658,,
1659,,['347']
1660,,
1661,['22'],"['347', '385']"
1662,,
1663,,
1664,"['1', '3', '7', '9', '23']",['385']
1665,,
1666,['30'],
1667,,['291']
1668,['11'],
1669,,"['24', '293']"
1670,,
1671,['4'],
1672,,
1673,,['347']
1674,,
1675,,['180']
1676,,
1677,,
1678,,
1679,['29'],"['85', '120']"
1680,,
1681,,['345']
1682,,['434']
1683,,['342']
1684,"['6', '13', '22', '24']",
1685,,
1686,,
1687,,
1688,"['23', '27']",['414']
1689,,['288']
1690,,
1691,,['125']
1692,,['167']
1693,,['167']
1694,['9'],['453']
1695,,['347']
1696,,
1697,"['1', '3', '6', '7', '11', '19']",
1698,,
1699,,
1700,,
1701,,
1702,,['24']
1703,['3'],['159']
1704,,['393']
1705,,
1706,,
1707,,
1708,,
1709,['2'],
1710,,
1711,,
1712,,
1713,['9'],"['172', '347']"
1714,,['347']
1715,['22'],"['172', '347']"
1716,['26'],
1717,['7'],['7']
1718,,['396']
1719,,
1720,,['291']
1721,['4'],['347']
1722,,['347']
1723,,['206']
1724,,['477']
1725,['16'],
1726,,
1727,,['486']
1728,['25'],
1729,,
1730,['9'],
1731,,
1732,,['396']
1733,,['347']
1734,,['246']
1735,"['5', '9', '16']",
1736,,
1737,,['66']
1738,,
1739,,
1740,,
1741,['4'],
1742,,['293']
1743,,['291']
1744,,['297']
1745,['9'],['499']
1746,,
1747,['9'],
1748,,['71']
1749,,['286']
1750,,['286']
1751,,['347']
1752,,['347']
1753,,
1754,,['347']
1755,,
1756,"['5', '9', '16']",
1757,,['48']
1758,,['385']
1759,,['491']
1760,,['81']
1761,,['511']
1762,,['71']
1763,,['101']
1764,['5'],
1765,,
1766,,
1767,"['4', '6', '8', '11', '17', '22', '29']",['347']
1768,['17'],
1769,['22'],
1770,,
1771,,
1772,,['189']
1773,,
1774,,['304']
1775,,"['283', '313']"
1776,"['12', '20', '22', '31']",['347']
1777,,['347']
1778,,['347']
1779,,
1780,['23'],['385']
1781,,['347']
1782,,
1783,['26'],
1784,,['347']
1785,,
1786,,
1787,"['16', '23']",
1788,,"['189', '385']"
1789,,
1790,"['4', '6', '9']","['172', '347']"
1791,['22'],"['172', '347']"
1792,,
1793,,['242']
1794,['6'],
1795,,
1796,,['347']
1797,,
1798,,
1799,,
1800,,
1801,,['347']
1802,,
1803,,
1804,"['10', '26']",
1805,,"['172', '347', '347']"
1806,,['347']
1807,,['347']
1808,,['347']
1809,,
1810,,
1811,,
1812,,
1813,,
1814,,['288']
1815,,['125']
1816,,
1817,,['172']
1818,,
1819,,
1820,,"['164', '325']"
1821,,
1822,,
1823,,
1824,,
1825,,['506']
1826,,['396']
1827,,
1828,,['385']
1829,,['489']
1830,,['92']
1831,,['20']
1832,,['451']
1833,,
1834,,
1835,,
1836,,
1837,['25'],
1838,,
1839,,['24']
1840,['1'],
1841,"['5', '9', '16']",
1842,,
1843,,
1844,"['12', '20', '31']",['364']
1845,,
1846,,['24']
1847,['2'],
1848,,['293']
1849,"['1', '7']",
1850,,['447']
1851,,
1852,['22'],['53']
1853,,
1854,,
1855,['24'],
1856,,
1857,,
1858,,['103']
1859,"['20', '33']","['125', '347']"
1860,,
1861,,['106']
1862,['7'],
1863,,
1864,,
1865,,
1866,,['172']
1867,,
1868,,
1869,['2'],
1870,,['395']
1871,,['347']
1872,,
1873,,"['237', '381']"
1874,['8'],
1875,,
1876,['25'],
1877,,
1878,,['451']
1879,,
1880,,['484']
1881,,['71']
1882,,
1883,,
1884,"['9', '13']",
1885,,
1886,,['396']
1887,,['396']
1888,,
1889,,"['172', '347']"
1890,,['172']
1891,,['347']
1892,,
1893,,
1894,,
1895,,
1896,,['92']
1897,,
1898,,
1899,,
1900,,
1901,,
1902,,['27']
1903,,['291']
1904,,
1905,,['108']
1906,,['210']
1907,,
1908,,
1909,['3'],['385']
1910,,
1911,,['125']
1912,,['128']
1913,,['347']
1914,,['396']
1915,,['455']
1916,,
1917,,
1918,,
1919,,
1920,['25'],
1921,,
1922,['14'],['254']
1923,,['347']
1924,,
1925,,['80']
1926,,
1927,['13'],['172']
1928,,['271']
1929,['21'],
1930,,"['92', '172']"
1931,,"['247', '249']"
1932,,['482']
1933,"['5', '9', '13']",['2']
1934,['9'],['381']
1935,,
1936,,['451']
1937,,
1938,['7'],
1939,"['23', '27']",
1940,,
1941,,
1942,,
1943,,['325']
1944,,
1945,,
1946,,
1947,,
1948,,
1949,,['71']
1950,,['172']
1951,,
1952,,['347']
1953,['22'],
1954,,
1955,,
1956,,['52']
1957,,
1958,,['172']
1959,"['23', '27']",
1960,,['325']
1961,,
1962,,
1963,,['119']
1964,,['125']
1965,,
1966,,
1967,"['3', '7']","['159', '453']"
1968,,
1969,,['327']
1970,,
1971,,['327']
1972,,
1973,['14'],['254']
1974,,
1975,,['395']
1976,['14'],['254']
1977,"['10', '15', '19']",
1978,,
1979,,"['172', '347']"
1980,,['74']
1981,['31'],['429']
1982,,
1983,,
1984,,
1985,['20'],
1986,['16'],
1987,,
1988,,
1989,,"['281', '288']"
1990,,
1991,,
1992,,['180']
1993,"['14', '28']",['254']
1994,,"['84', '385']"
1995,,
1996,,['71']
1997,,
1998,,['71']
1999,,
2000,['26'],
2001,,"['168', '222']"
2002,,['42']
2003,,
2004,,['347']
2005,['2'],
2006,,['447']
2007,,['325']
2008,,
2009,,
2010,,
2011,['25'],['403']
2012,,
2013,,
2014,,
2015,,['345']
2016,,"['376', '434']"
2017,,"['7', '385']"
2018,,['172']
2019,,
2020,,
2021,,
2022,,
2023,,['210']
2024,,
2025,['7'],
2026,,
2027,,
2028,,['235']
2029,,
2030,,
2031,,
2032,,['286']
2033,,
2034,['23'],
2035,,['172']
2036,,['172']
2037,,
2038,,
2039,,
2040,,
2041,,
2042,,
2043,,
2044,['21'],
2045,,['162']
2046,,
2047,,
2048,['9'],
2049,,['120']
2050,,
2051,,
2052,,
2053,,
2054,,['395']
2055,,
2056,,
2057,,['347']
2058,,
2059,,['71']
2060,,
2061,,['492']
2062,,['162']
2063,,['347']
2064,,['347']
2065,['26'],
2066,,['372']
2067,['26'],
2068,,"['81', '331', '376', '434', '461']"
2069,,
2070,,['347']
2071,,['172']
2072,,
2073,,['137']
2074,,
2075,['11'],
2076,,
2077,,
2078,,['9']
2079,,['172']
2080,"['16', '25', '27']",
2081,,
2082,['10'],['430']
2083,['20'],
2084,,['395']
2085,,
2086,,['347']
2087,"['10', '21']",
2088,,['327']
2089,"['17', '22', '29']",
2090,,
2091,,
2092,,
2093,,
2094,"['10', '15', '22', '29', '32']","['327', '514']"
2095,,['327']
2096,,
2097,['10'],['221']
2098,,['222']
2099,,['222']
2100,['10'],
2101,,
2102,,['222']
2103,,
2104,['9'],['347']
2105,['26'],
2106,,
2107,['8'],['251']
2108,,
2109,,
2110,['15'],['327']
2111,,['398']
2112,['10'],['430']
2113,,
2114,,
2115,,['306']
2116,"['8', '17', '19', '22']",
2117,"['12', '20']",['508']
2118,,
2119,,['27']
2120,,
2121,,
2122,,
2123,,
2124,['4'],
2125,,
2126,,['486']
2127,,
2128,,['92']
2129,['3'],['423']
2130,,"['172', '451']"
2131,,
2132,,['291']
2133,,['142']
2134,['1'],
2135,,
2136,,['286']
2137,,
2138,,
2139,,['172']
2140,,
2141,,
2142,,"['172', '347']"
2143,,
2144,,
2145,['1'],
2146,,
2147,['3'],['305']
2148,,['297']
2149,['3'],['451']
2150,,
2151,,['347']
2152,,
2153,,
2154,"['4', '6', '8', '17', '26']",
2155,,
2156,,['172']
2157,"['11', '13', '22']",['347']
2158,,['347']
2159,,['347']
2160,,
2161,,
2162,,
2163,,
2164,,['289']
2165,,
2166,,['291']
2167,,['325']
2168,,
2169,['16'],
2170,,
2171,,"['172', '347']"
2172,['17'],['360']
2173,,
2174,,['128']
2175,,
2176,,['44']
2177,,
2178,,"['237', '381']"
2179,,['306']
2180,,['125']
2181,,
2182,,['374']
2183,,
2184,['3'],
2185,,
2186,,
2187,,['129']
2188,,
2189,,
2190,,"['203', '401', '477']"
2191,,"['172', '347']"
2192,,['347']
2193,,['347']
2194,,['347']
2195,,
2196,,['103']
2197,['2'],
2198,,
2199,['24'],
2200,['6'],
2201,,
2202,,"['71', '313']"
2203,,['180']
2204,,
2205,,
2206,,['286']
2207,,['347']
2208,,['293']
2209,,
2210,,
2211,,['342']
2212,['22'],
2213,,
2214,,
2215,,
2216,,
2217,,
2218,,
2219,,
2220,"['11', '13', '22']",
2221,,
2222,,
2223,,
2224,,
2225,,
2226,['9'],['347']
2227,,
2228,,
2229,,['317']
2230,['18'],
2231,,
2232,,
2233,,
2234,,['347']
2235,,
2236,['18'],
2237,,
2238,,['347']
2239,,
2240,,['196']
2241,,
2242,,
2243,,['172']
2244,,
2245,,['462']
2246,"['9', '11']","['172', '347']"
2247,,
2248,['22'],"['172', '347']"
2249,,
2250,,['511']
2251,,
2252,['21'],
2253,,['7']
2254,"['14', '28', '29']",
2255,,
2256,"['16', '27']",
2257,['27'],
2258,,
2259,,['245']
2260,,['451']
2261,,
2262,,['32']
2263,,
2264,,"['172', '368']"
2265,"['4', '6', '8', '11', '13', '14', '17', '19', '22', '24', '29']",
2266,,
2267,"['17', '29']",
2268,['22'],
2269,,
2270,['22'],['429']
2271,,
2272,,['459']
2273,,
2274,,['291']
2275,,
2276,['28'],['254']
2277,,
2278,,
2279,,
2280,,['310']
2281,,['103']
2282,,
2283,,
2284,['5'],['396']
2285,,
2286,['5'],
2287,,['342']
2288,,['233']
2289,,
2290,,['59']
2291,,
2292,,['206']
2293,['29'],
2294,,
2295,,
2296,,['347']
2297,,['180']
2298,,['92']
2299,,
2300,,
2301,,['247']
2302,['14'],['254']
2303,,"['172', '279']"
2304,,
2305,,
2306,,['271']
2307,"['12', '20', '31']","['318', '508']"
2308,,
2309,,
2310,['20'],
2311,,
2312,,['291']
2313,,
2314,,['366']
2315,,"['13', '275']"
2316,['10'],
2317,"['18', '19', '22', '30']","['191', '437']"
2318,"['18', '30']","['45', '437']"
2319,,
2320,,['288']
2321,,['27']
2322,['31'],['7']
2323,['18'],
2324,,
2325,,
2326,['16'],
2327,,['347']
2328,,['291']
2329,['29'],['85']
2330,['11'],['237']
2331,,"['162', '306', '325']"
2332,['13'],
2333,,
2334,['8'],
2335,,
2336,,
2337,,
2338,,['80']
2339,,
2340,"['12', '20']",
2341,,
2342,,"['71', '313']"
2343,,['492']
2344,,
2345,,
2346,,
2347,,
2348,['15'],"['248', '327']"
2349,,
2350,,
2351,['26'],
2352,,
2353,,
2354,,"['20', '67', '164', '206']"
2355,"['8', '17', '22']",
2356,,
2357,,
2358,,
2359,"['9', '21']",
2360,,['395']
2361,,
2362,,
2363,,
2364,['17'],
2365,,
2366,,['128']
2367,,
2368,"['15', '19', '22', '29', '32']",
2369,,
2370,,
2371,,
2372,['21'],
2373,,
2374,,
2375,,['234']
2376,,
2377,,
2378,,['347']
2379,,
2380,,
2381,,['172']
2382,,
2383,,['325']
2384,,
2385,,['422']
2386,,
2387,,
2388,"['6', '9', '11', '19', '22', '23', '33']","['347', '385']"
2389,,['347']
2390,,['347']
2391,,['451']
2392,"['21', '33']",['358']
2393,,['325']
2394,"['1', '3', '9', '13']",
2395,['22'],
2396,,
2397,,['289']
2398,,
2399,,
2400,,
2401,,['291']
2402,,['72']
2403,,
2404,['16'],
2405,,
2406,,
2407,,
2408,,['291']
2409,,"['172', '347']"
2410,,['30']
2411,,"['172', '347']"
2412,,['125']
2413,,
2414,,
2415,,
2416,,
2417,['2'],
2418,,
2419,,['347']
2420,,
2421,,
2422,,
2423,,
2424,,['347']
2425,,
2426,['2'],
2427,['15'],"['327', '384']"
2428,,['162']
2429,,['313']
2430,,
2431,"['15', '22']",
2432,,
2433,,
2434,['10'],
2435,,
2436,,
2437,,['288']
2438,['14'],['254']
2439,,['291']
2440,,['291']
2441,,['168']
2442,,
2443,,['129']
2444,,
2445,,['291']
2446,"['7', '9', '12']",['13']
2447,,['7']
2448,,
2449,,
2450,,
2451,,
2452,['28'],
2453,,['492']
2454,,
2455,,
2456,,
2457,"['13', '16', '22', '23', '27']","['123', '362']"
2458,,
2459,['7'],['7']
2460,,['286']
2461,,
2462,,
2463,,
2464,,['347']
2465,,['289']
2466,,
2467,,
2468,,['180']
2469,['3'],
2470,,
2471,,['291']
2472,,['325']
2473,,
2474,,['313']
2475,['7'],
2476,,['493']
2477,,['172']
2478,,
2479,,['347']
2480,['24'],
2481,,"['172', '347', '347']"
2482,,['347']
2483,,['347']
2484,,
2485,,['342']
2486,,
2487,,
2488,,
2489,,
2490,,
2491,,
2492,,
2493,,
2494,['6'],
2495,"['18', '30']","['261', '437']"
2496,"['10', '15', '19']",
2497,,
2498,,
2499,,['396']
2500,,
2501,,['37']
2502,,
2503,,
2504,,
2505,"['5', '9']",
2506,,
2507,,['150']
2508,,['210']
2509,,
2510,['5'],
2511,,['347']
2512,,
2513,,
2514,,
2515,['1'],
2516,,
2517,,
2518,"['16', '23', '27']",
2519,,
2520,,['247']
2521,,['210']
2522,,"['302', '333']"
2523,,
2524,"['17', '22', '29']",
2525,,
2526,,
2527,,['125']
2528,,
2529,,
2530,,
2531,,
2532,,
2533,,
2534,,
2535,,
2536,,
2537,,
2538,,['24']
2539,,
2540,,
2541,,['396']
2542,,
2543,,
2544,,
2545,,
2546,,
2547,,['291']
2548,,"['345', '463']"
2549,,
2550,,"['385', '392']"
2551,,['180']
2552,,['333']
2553,['16'],
2554,,['342']
2555,['2'],
2556,,['291']
2557,,
2558,,['396']
2559,,
2560,,
2561,,['342']
2562,,['342']
2563,,
2564,,['291']
2565,,['119']
2566,,['306']
2567,['14'],
2568,['18'],"['270', '437']"
2569,['21'],
2570,,['429']
2571,,['429']
2572,,['429']
2573,,['429']
2574,,['429']
2575,,['429']
2576,,['429']
2577,,['429']
2578,,
2579,,
2580,['13'],
2581,,
2582,,['290']
2583,['28'],['36']
2584,,
2585,,
2586,,
2587,,
2588,,['291']
2589,['27'],
2590,,['492']
2591,,['141']
2592,,['242']
2593,,
2594,['12'],"['172', '347']"
2595,,['288']
2596,,['429']
2597,,['125']
2598,,['460']
2599,,
2600,,
2601,,
2602,,
2603,,
2604,,
2605,['10'],
2606,,['157']
2607,"['21', '33']",['358']
2608,['16'],
2609,,
2610,,['342']
2611,['10'],
2612,,
2613,,
2614,,['358']
2615,,['72']
2616,['9'],['347']
2617,,['289']
2618,,['145']
2619,,['234']
2620,,['347']
2621,,
2622,,['347']
2623,['19'],
2624,,['492']
2625,"['19', '22', '27']",
2626,['16'],
2627,['25'],
2628,,
2629,['23'],
2630,,
2631,,['86']
2632,,
2633,,
2634,,['18']
2635,,
2636,,['399']
2637,,
2638,,
2639,,
2640,,
2641,,
2642,['28'],
2643,['21'],
2644,,
2645,,
2646,['25'],
2647,['7'],
2648,,
2649,,
2650,,
2651,,
2652,,
2653,,
2654,,
2655,,
2656,['25'],
2657,,
2658,,
2659,,
2660,,
2661,['33'],
2662,['33'],
2663,,
2664,,"['162', '306']"
2665,"['16', '23']",
2666,,['235']
2667,,
2668,,
2669,,
2670,,
2671,,['125']
2672,"['23', '27']",['385']
2673,['18'],"['147', '474']"
2674,,['474']
2675,,['45']
2676,,
2677,,
2678,,['310']
2679,,
2680,,
2681,,['74']
2682,"['18', '30']","['335', '474']"
2683,,
2684,,
2685,,['291']
2686,['15'],"['327', '514']"
2687,,
2688,,
2689,"['13', '24']",
2690,,
2691,,
2692,,
2693,,['347']
2694,,['342']
2695,,
2696,,['342']
2697,,['342']
2698,['26'],
2699,,
2700,"['11', '13', '22']",
2701,,['172']
2702,,['172']
2703,,
2704,,
2705,,['347']
2706,['8'],
2707,"['10', '15', '19', '22', '29', '32']",
2708,['22'],
2709,,
2710,,['327']
2711,"['16', '19', '22', '23', '27']",
2712,['27'],
2713,,
2714,,
2715,,
2716,,
2717,['14'],['254']
2718,,['210']
2719,['23'],
2720,,['512']
2721,,
2722,,['286']
2723,['26'],
2724,,
2725,,['347']
2726,,['105']
2727,,['242']
2728,,
2729,"['1', '2', '3', '4', '5', '6', '9', '11', '19', '21', '22', '23', '27', '29', '33']","['72', '347']"
2730,,['347']
2731,,['347']
2732,,
2733,['22'],['347']
2734,,['347']
2735,,['347']
2736,,['291']
2737,,
2738,['27'],
2739,,['129']
2740,,
2741,,
2742,,
2743,,
2744,"['14', '28']",
2745,,
2746,,['496']
2747,,
2748,,
2749,,
2750,,
2751,,['512']
2752,,
2753,,
2754,,
2755,,
2756,,
2757,,
2758,,['347']
2759,,['347']
2760,,['347']
2761,,
2762,['29'],['85']
2763,,
2764,,
2765,,['162']
2766,['3'],
2767,,['347']
2768,"['18', '19']",
2769,,
2770,['22'],
2771,,
2772,,
2773,['21'],
2774,,['510']
2775,,
2776,['10'],['298']
2777,,
2778,,['347']
2779,,['347']
2780,,['125']
2781,,['293']
2782,,"['210', '291']"
2783,,['385']
2784,['15'],"['327', '514']"
2785,['29'],
2786,,['172']
2787,"['4', '5', '6', '8', '11', '14', '16', '17', '19', '22', '26', '29']",['85']
2788,"['17', '29']",
2789,['22'],
2790,,
2791,['22'],
2792,,
2793,,
2794,,
2795,"['18', '19', '22', '30']",['45']
2796,,
2797,,['45']
2798,,
2799,['24'],
2800,,['297']
2801,,
2802,,['347']
2803,,
2804,['11'],
2805,,['347']
2806,,['347']
2807,,
2808,,
2809,,['289']
2810,,
2811,,
2812,,['141']
2813,['1'],
2814,,['172']
2815,['29'],
2816,,
2817,,['290']
2818,,
2819,,
2820,,['477']
2821,,
2822,,['291']
2823,,
2824,,
2825,,['120']
2826,,['88']
2827,,['488']
2828,,
2829,,['92']
2830,,
2831,,['381']
2832,"['10', '15', '19']",
2833,,
2834,,
2835,,
2836,,
2837,['27'],['452']
2838,['9'],"['451', '453']"
2839,,
2840,,
2841,,['451']
2842,,
2843,"['6', '9']",['499']
2844,['21'],
2845,,
2846,['33'],
2847,,
2848,,['234']
2849,,['347']
2850,,
2851,,
2852,"['6', '7', '14', '23', '27']",['304']
2853,['14'],
2854,,
2855,,
2856,['26'],
2857,,
2858,,['347']
2859,,"['347', '347']"
2860,,['249']
2861,,
2862,,
2863,,
2864,,
2865,,['172']
2866,,
2867,,
2868,,['286']
2869,,['157']
2870,,
2871,,
2872,['12'],
2873,['20'],['125']
2874,,
2875,"['5', '6', '9', '11', '12', '13', '22']","['172', '347', '382', '396']"
2876,['9'],
2877,['22'],['347']
2878,,['347']
2879,['22'],
2880,['22'],['347']
2881,,['167']
2882,,
2883,,['69']
2884,"['1', '3', '6', '7', '11', '13', '16', '19', '22', '23']",['385']
2885,,['385']
2886,,['347']
2887,,['291']
2888,,['310']
2889,['4'],
2890,,
2891,,['477']
2892,,
2893,,
2894,,['216']
2895,,
2896,"['10', '15']",
2897,['10'],
2898,,['327']
2899,,['342']
2900,,['342']
2901,,['347']
2902,,['297']
2903,['26'],
2904,,['347']
2905,,
2906,"['1', '3', '4', '6', '11', '21']","['13', '347', '347']"
2907,,['347']
2908,,['347']
2909,,['347']
2910,,['347']
2911,,['347']
2912,,['347']
2913,['21'],['347']
2914,,
2915,,
2916,,
2917,,
2918,['5'],
2919,['22'],['347']
2920,,['291']
2921,,['291']
2922,,
2923,,['291']
2924,,['172']
2925,,"['345', '463']"
2926,['26'],
2927,,['347']
2928,,['459']
2929,,['395']
2930,,
2931,['28'],
2932,,['291']
2933,['2'],
2934,,
2935,,
2936,,
2937,['7'],['7']
2938,,['395']
2939,,['103']
2940,,
2941,,
2942,,['291']
2943,['1'],
2944,,['447']
2945,,['291']
2946,,
2947,,['291']
2948,,
2949,,
2950,['14'],
2951,,['347']
2952,,
2953,,
2954,,['291']
2955,,
2956,['7'],
2957,,['306']
2958,['28'],
2959,,['208']
2960,['16'],
2961,"['10', '19']",
2962,['22'],
2963,,['430']
2964,,['67']
2965,,['125']
2966,,['372']
2967,,['32']
2968,,['293']
2969,,
2970,,['306']
2971,,['80']
2972,,
2973,,['80']
2974,,['80']
2975,,"['172', '333', '347', '347']"
2976,,['347']
2977,,['347']
2978,,
2979,"['9', '11', '13']",['172']
2980,,
2981,,['66']
2982,,
2983,,"['13', '172']"
2984,,['13']
2985,['21'],['347']
2986,,['27']
2987,,['306']
2988,,['347']
2989,,
2990,,['372']
2991,,
2992,,['162']
2993,,['454']
2994,,['291']
2995,,['210']
2996,,
2997,,['172']
2998,,
2999,,
3000,,
3001,,
3002,,
3003,,
3004,,['249']
3005,,
3006,['1'],
3007,['1'],
3008,,['447']
3009,"['18', '22', '30']","['147', '437']"
3010,,
3011,,['147']
3012,,['125']
3013,,
3014,,
3015,,['451']
3016,,['291']
3017,,['341']
3018,['16'],
3019,,
3020,,
3021,['29'],
3022,,
3023,,
3024,,['429']
3025,,
3026,,
3027,,['396']
3028,,['125']
3029,,['291']
3030,,['395']
3031,,
3032,"['1', '25']",
3033,['4'],
3034,['25'],
3035,"['3', '7']",
3036,['3'],
3037,['9'],
3038,,
3039,,
3040,,
3041,,['189']
3042,,['330']
3043,['24'],['381']
3044,,
3045,"['5', '6', '9', '19', '22']","['172', '368']"
3046,,['172']
3047,['22'],"['172', '368']"
3048,,"['172', '368']"
3049,,['291']
3050,,
3051,,
3052,,['396']
3053,,
3054,,
3055,['9'],
3056,,['342']
3057,,
3058,['15'],"['327', '514']"
3059,,
3060,,
3061,,['110']
3062,['10'],['298']
3063,['10'],
3064,['10'],
3065,,
3066,,
3067,['28'],
3068,,['78']
3069,,
3070,,
3071,,['377']
3072,,['347']
3073,['8'],
3074,,
3075,,['192']
3076,,
3077,,
3078,,
3079,,
3080,,
3081,"['2', '6']",
3082,['24'],['347']
3083,,['396']
3084,,['347']
3085,,['347']
3086,['2'],
3087,,['395']
3088,,['496']
3089,,
3090,,
3091,,
3092,['9'],['17']
3093,,
3094,,
3095,,
3096,,
3097,['28'],['254']
3098,,
3099,,
3100,"['18', '30']","['335', '437']"
3101,,['291']
3102,,['347']
3103,,
3104,,
3105,['3'],
3106,,
3107,['4'],
3108,,['347']
3109,,['347']
3110,,"['313', '492']"
3111,,
3112,,['438']
3113,,
3114,,
3115,"['10', '15', '19', '22', '29', '32']",
3116,,
3117,['16'],
3118,,
3119,,
3120,,['358']
3121,['7'],
3122,"['5', '22']",['368']
3123,,['368']
3124,,
3125,,['347']
3126,,['396']
3127,,
3128,"['2', '16', '23', '27']",
3129,,
3130,,
3131,,
3132,,['488']
3133,,['297']
3134,,['304']
3135,,['334']
3136,,['172']
3137,,['477']
3138,['1'],
3139,,['516']
3140,,['477']
3141,"['10', '15', '21']",
3142,['22'],
3143,,
3144,['16'],
3145,,['101']
3146,,['347']
3147,,['473']
3148,,['103']
3149,,['210']
3150,,['60']
3151,,"['13', '72', '266', '275']"
3152,,
3153,"['17', '19']",
3154,,
3155,,
3156,,
3157,['20'],
3158,,
3159,['7'],['339']
3160,,"['287', '396']"
3161,,
3162,,
3163,,
3164,,
3165,,['438']
3166,,['436']
3167,,"['249', '342']"
3168,,['347']
3169,,['235']
3170,,
3171,,['289']
3172,,
3173,,
3174,,
3175,,
3176,,
3177,,['172']
3178,,
3179,,['86']
3180,,
3181,['25'],
3182,,
3183,,['347']
3184,,
3185,,
3186,,
3187,,['345']
3188,['9'],"['172', '347']"
3189,,
3190,,
3191,,['291']
3192,,
3193,,['396']
3194,,
3195,,
3196,,['471']
3197,,['275']
3198,['9'],['453']
3199,,
3200,,
3201,,
3202,['10'],['298']
3203,,['452']
3204,,['32']
3205,,
3206,,['74']
3207,,
3208,"['16', '19']",
3209,,['347']
3210,,['78']
3211,,
3212,,['342']
3213,,
3214,,['347']
3215,,['454']
3216,,['385']
3217,,
3218,,
3219,,
3220,,
3221,,['291']
3222,,['511']
3223,,
3224,,['454']
3225,['2'],
3226,,['438']
3227,,
3228,,['347']
3229,,['291']
3230,,['325']
3231,,
3232,['26'],
3233,,
3234,,['127']
3235,,
3236,['28'],['254']
3237,,
3238,,['325']
3239,,
3240,,
3241,"['5', '9', '13']",
3242,,
3243,,['347']
3244,,['26']
3245,['27'],
3246,,"['237', '381']"
3247,,
3248,['6'],['291']
3249,,
3250,"['9', '11', '13', '19', '22', '23', '24', '28']",['172']
3251,['28'],
3252,,
3253,,
3254,,['291']
3255,,
3256,"['5', '22']",['368']
3257,,
3258,,['172']
3259,['20'],['364']
3260,,
3261,['1'],
3262,['20'],
3263,['15'],"['327', '514']"
3264,,
3265,,
3266,,['162']
3267,['23'],['347']
3268,,['210']
3269,,
3270,,
3271,['23'],['320']
3272,,['347']
3273,"['23', '27']",
3274,,
3275,"['13', '29']",
3276,,
3277,,
3278,,['347']
3279,,['345']
3280,,
3281,,
3282,,
3283,,
3284,,"['345', '463']"
3285,,['345']
3286,,
3287,,['477']
3288,,
3289,,['342']
3290,['26'],
3291,,['347']
3292,,
3293,['16'],
3294,,
3295,,['347']
3296,,"['334', '395']"
3297,['26'],
3298,,['66']
3299,,
3300,,
3301,,
3302,,
3303,,
3304,['25'],['403']
3305,['23'],['385']
3306,,['325']
3307,,
3308,,
3309,,
3310,,
3311,"['9', '13', '22']","['72', '194', '347']"
3312,,['347']
3313,,
3314,['3'],['385']
3315,,
3316,,
3317,,['347']
3318,,
3319,,
3320,['6'],
3321,,
3322,,
3323,,['172']
3324,,
3325,,
3326,,
3327,,['399']
3328,,['93']
3329,,
3330,,
3331,,['511']
3332,,
3333,,
3334,['16'],
3335,,"['266', '324']"
3336,,
3337,,
3338,,['306']
3339,['15'],"['327', '514']"
3340,"['18', '19', '22', '30']","['147', '471']"
3341,,['147']
3342,,['147']
3343,,
3344,,['288']
3345,,
3346,,
3347,"['4', '8', '17', '29']",
3348,['17'],
3349,,
3350,,
3351,,
3352,,
3353,['6'],['291']
3354,,
3355,,['24']
3356,,
3357,,
3358,['1'],
3359,['15'],
3360,,['324']
3361,,['222']
3362,,['454']
3363,,
3364,,['395']
3365,,
3366,"['4', '8']",
3367,['21'],
3368,,
3369,,['172']
3370,,['172']
3371,"['4', '17']",
3372,,
3373,,['422']
3374,,
3375,,
3376,,['323']
3377,,
3378,,['291']
3379,,
3380,,['103']
3381,['15'],
3382,,
3383,,
3384,,['92']
3385,,
3386,,
3387,['21'],
3388,['14'],['254']
3389,,
3390,['6'],['344']
3391,,['458']
3392,,
3393,['20'],
3394,,
3395,['25'],
3396,['18'],
3397,,['162']
3398,,
3399,,
3400,"['21', '23']",
3401,['15'],
3402,['15'],['314']
3403,,
3404,,"['162', '306']"
3405,,
3406,,['162']
3407,,
3408,,
3409,,['24']
3410,['21'],
3411,,
3412,"['3', '12', '13', '16', '19', '22', '23', '26', '27', '28']",['385']
3413,,
3414,,
3415,,
3416,['26'],
3417,,
3418,,['172']
3419,,
3420,,
3421,,
3422,,"['21', '313', '402']"
3423,,
3424,"['15', '32']","['327', '384']"
3425,,['325']
3426,,['342']
3427,,['342']
3428,,['342']
3429,,
3430,,['451']
3431,['2'],
3432,,
3433,,['66']
3434,"['10', '15', '19', '22', '29', '32']","['327', '514']"
3435,,
3436,['22'],['327']
3437,,"['147', '327']"
3438,['26'],
3439,,['344']
3440,,
3441,,['172']
3442,,
3443,,['172']
3444,,
3445,,
3446,,
3447,['22'],
3448,"['3', '7', '9']","['172', '451']"
3449,['13'],
3450,,['325']
3451,['21'],
3452,"['5', '6', '7', '8', '9', '11', '12', '13', '16', '19', '20', '21', '22', '23', '24', '25', '26', '27', '28']","['53', '347', '396']"
3453,,
3454,['8'],
3455,,['13']
3456,,
3457,,
3458,,
3459,,
3460,,
3461,,['482']
3462,,['66']
3463,,
3464,['20'],['125']
3465,,['66']
3466,['26'],
3467,,['291']
3468,,
3469,,['263']
3470,"['23', '27']",
3471,,['395']
3472,,
3473,,['291']
3474,['1'],
3475,,['172']
3476,,['172']
3477,,
3478,,"['172', '401', '477']"
3479,['21'],['221']
3480,"['17', '29']",
3481,,
3482,,['71']
3483,,['268']
3484,,['347']
3485,,['347']
3486,,
3487,['23'],
3488,,
3489,,['286']
3490,,
3491,['7'],['7']
3492,,['422']
3493,,
3494,['5'],
3495,"['11', '13', '18']","['147', '437']"
3496,,['147']
3497,,['147']
3498,,['167']
3499,,['27']
3500,,['13']
3501,,
3502,,['347']
3503,,['347']
3504,['16'],
3505,,['347']
3506,['6'],
3507,['25'],
3508,['14'],['254']
3509,"['21', '23', '27']",['347']
3510,['21'],
3511,,
3512,,['125']
3513,['20'],
3514,,
3515,,
3516,,"['80', '168']"
3517,,['168']
3518,['17'],
3519,,
3520,['15'],"['327', '514']"
3521,,['327']
3522,,
3523,,['306']
3524,"['6', '24']",
3525,,['172']
3526,,
3527,,
3528,,['103']
3529,,
3530,,
3531,,['275']
3532,,['342']
3533,['22'],
3534,,['288']
3535,,
3536,,
3537,['26'],
3538,,['120']
3539,,
3540,['3'],
3541,,
3542,,
3543,,
3544,,
3545,['26'],
3546,,
3547,,
3548,"['2', '13', '19', '22', '24']",
3549,,
3550,,
3551,,
3552,"['6', '10', '11', '15', '19', '22', '26', '27', '28', '29']",
3553,,
3554,"['22', '27']",
3555,['28'],
3556,,
3557,,['327']
3558,,
3559,,
3560,,
3561,"['6', '10']",
3562,,
3563,,
3564,,
3565,,['493']
3566,['26'],
3567,,['172']
3568,,
3569,,
3570,['13'],
3571,,
3572,,['347']
3573,,
3574,,['210']
3575,,
3576,,['86']
3577,,['98']
3578,['7'],['342']
3579,"['6', '7']",
3580,,
3581,,
3582,,['291']
3583,"['4', '5', '6', '7', '8', '11', '13', '14', '16', '17', '19', '22', '23', '24', '26', '29']",['327']
3584,,
3585,"['17', '29']",
3586,,
3587,['22'],
3588,,
3589,['22'],
3590,,
3591,,
3592,,
3593,,
3594,,
3595,,
3596,['10'],
3597,,
3598,['26'],
3599,['10'],
3600,,['137']
3601,,
3602,,
3603,,
3604,,
3605,,['71']
3606,,['347']
3607,['3'],
3608,,
3609,,
3610,,
3611,,"['313', '492']"
3612,,
3613,['16'],
3614,,
3615,"['16', '19']",
3616,,
3617,,
3618,,
3619,,['7']
3620,,['288']
3621,,
3622,,['393']
3623,,
3624,,
3625,,
3626,,['79']
3627,,
3628,,
3629,,
3630,,
3631,,['291']
3632,['21'],
3633,,['347']
3634,,['209']
3635,,
3636,,
3637,,['291']
3638,,['24']
3639,,['434']
3640,,['347']
3641,,['291']
3642,,['342']
3643,,
3644,,['347']
3645,,
3646,['28'],
3647,['28'],
3648,,
3649,,['395']
3650,,
3651,,
3652,,['395']
3653,,
3654,,['347']
3655,,['500']
3656,,['145']
3657,,
3658,,
3659,['22'],
3660,,
3661,,
3662,['29'],
3663,['29'],
3664,['17'],['359']
3665,,
3666,,
3667,,
3668,,
3669,,
3670,,['125']
3671,,
3672,,
3673,,
3674,,['172']
3675,['2'],
3676,['15'],
3677,,
3678,,['451']
3679,,
3680,,
3681,,['347']
3682,"['7', '25', '27']","['7', '403']"
3683,,['342']
3684,,"['26', '166', '496', '516']"
3685,,
3686,['1'],['385']
3687,,
3688,['3'],['159']
3689,,
3690,,
3691,,['306']
3692,,['26']
3693,,['342']
3694,,['477']
3695,['15'],"['327', '514']"
3696,,
3697,,['172']
3698,,
3699,,
3700,,
3701,,
3702,,
3703,,
3704,,['162']
3705,['6'],['347']
3706,"['23', '27']",
3707,,['358']
3708,,
3709,['8'],['115']
3710,,
3711,,
3712,,
3713,,
3714,,['342']
3715,,
3716,,"['142', '453']"
3717,['3'],['455']
3718,,
3719,,
3720,"['11', '12', '13', '16', '17', '19', '22']",
3721,,
3722,['28'],
3723,"['11', '18']",['184']
3724,,
3725,['20'],
3726,,
3727,,
3728,,
3729,,
3730,['24'],
3731,['20'],['266']
3732,,['13']
3733,,
3734,['24'],
3735,"['17', '22', '29', '33']",['360']
3736,,
3737,"['14', '28']",
3738,,['342']
3739,,['162']
3740,['7'],['7']
3741,,
3742,,
3743,['13'],"['172', '344', '381']"
3744,,['289']
3745,,['291']
3746,,
3747,,['347']
3748,,['71']
3749,,
3750,,['396']
3751,['5'],['172']
3752,['27'],
3753,,
3754,,
3755,,
3756,,"['86', '125']"
3757,,
3758,,['242']
3759,,['18']
3760,,['222']
3761,,['101']
3762,,
3763,,
3764,,
3765,,"['279', '477']"
3766,,"['21', '283', '313']"
3767,,
3768,,['347']
3769,,['347']
3770,,['347']
3771,,
3772,,['42']
3773,['23'],['385']
3774,,
3775,['23'],
3776,,
3777,,
3778,,
3779,,['345']
3780,,"['172', '203', '401', '477']"
3781,,['310']
3782,,
3783,,['271']
3784,,['172']
3785,['28'],['254']
3786,,
3787,,['172']
3788,,
3789,,['438']
3790,,
3791,"['11', '13', '16', '19', '22', '23', '28']",
3792,['28'],"['79', '484']"
3793,,
3794,,
3795,['24'],
3796,,"['345', '463']"
3797,"['4', '8', '17', '29']",
3798,['17'],
3799,,
3800,,
3801,,
3802,,['345']
3803,"['10', '15']","['327', '514']"
3804,,['119']
3805,"['16', '27']",
3806,['18'],"['45', '437']"
3807,,['45']
3808,,['347']
3809,['25'],
3810,['15'],
3811,,['330']
3812,,['347']
3813,,['451']
3814,['3'],['385']
3815,,
3816,,
3817,,
3818,,
3819,"['1', '3', '7', '11', '13', '16', '19', '21', '22', '23']",['385']
3820,,"['104', '325']"
3821,,
3822,,['289']
3823,"['12', '20', '22', '28', '31']",['318']
3824,,
3825,,['477']
3826,['29'],
3827,"['1', '2', '3', '4', '5', '6', '7', '8', '9', '10', '11', '12', '13', '14', '15', '16', '17', '18', '19', '20', '21']",['359']
3828,['22'],
3829,"['14', '19', '22']",
3830,,['447']
3831,,['286']
3832,['16'],
3833,,
3834,,['89']
3835,['28'],['254']
3836,,
3837,,['451']
3838,['14'],
3839,,['125']
3840,,
3841,,['325']
3842,,['454']
3843,,['313']
3844,,"['290', '291']"
3845,,
3846,,
3847,,
3848,,['172']
3849,"['7', '9']","['275', '368']"
3850,"['3', '7']",['159']
3851,['21'],['347']
3852,,['396']
3853,,['27']
3854,,['358']
3855,,
3856,,['86']
3857,,
3858,,
3859,,"['172', '347']"
3860,,"['172', '347']"
3861,,"['72', '172']"
3862,['9'],['481']
3863,,['396']
3864,,['486']
3865,,['275']
3866,,"['180', '291']"
3867,,
3868,,
3869,['1'],
3870,"['1', '23', '27']",['385']
3871,,
3872,['3'],['385']
3873,,['434']
3874,,
3875,,
3876,['6'],
3877,,['291']
3878,,"['72', '329']"
3879,,
3880,,
3881,,
3882,,['347']
3883,,
3884,,
3885,['5'],
3886,,
3887,,['125']
3888,['9'],
3889,,
3890,,['342']
3891,"['5', '9']",
3892,"['3', '5', '9', '11', '12', '13', '18', '19', '22', '23', '24']","['2', '172']"
3893,,
3894,,
3895,,
3896,,
3897,,['172']
3898,"['14', '19', '22', '25', '27', '28']",['254']
3899,,['254']
3900,,
3901,['9'],"['172', '347']"
3902,,['291']
3903,['12'],
3904,['7'],
3905,,['306']
3906,['7'],
3907,,
3908,,['286']
3909,,
3910,,['71']
3911,,
3912,,
3913,,
3914,,
3915,['18'],
3916,"['7', '25']",
3917,['25'],['403']
3918,,
3919,,
3920,['29'],
3921,"['18', '19']",
3922,"['23', '27']",
3923,,
3924,,
3925,,['396']
3926,['24'],
3927,"['12', '31']","['90', '318']"
3928,,['347']
3929,,
3930,['25'],
3931,['25'],['403']
3932,,
3933,,['347']
3934,,['347']
3935,"['21', '33']",
3936,"['10', '15']","['327', '514']"
3937,,
3938,,['327']
3939,,
3940,,
3941,,['101']
3942,,
3943,['25'],
3944,,
3945,,
3946,,
3947,,"['172', '203', '401', '477']"
3948,,
3949,['33'],
3950,,['71']
3951,,['306']
3952,,
3953,"['23', '27']",
3954,,
3955,,['496']
3956,,
3957,,
3958,,
3959,,
3960,,['164']
3961,,['68']
3962,['29'],['85']
3963,,
3964,,
3965,,['69']
3966,,['69']
3967,,
3968,,['162']
3969,,['395']
3970,,
3971,,
3972,,
3973,"['23', '27']",
3974,['1'],['1']
3975,['11'],
3976,,
3977,['18'],['474']
3978,['15'],
